{
    "a": {
        "01": {
            "distances": [
                0.0,
                2.287,
                4.536178567913746,
                5.854844148224614,
                7.6449937213839485,
                8.589772756016307,
                8.28,
                3.1435648553831363,
                4.514377033434403
            ],
            "total_points": 9,
            "components": 2
        },
        "02": {
            "distances": [
                0.0,
                2.798342545150611,
                0.0,
                1.3674212957241818,
                2.719838414318027,
                3.893440766211809,
                4.995109708504909,
                6.082453534553306,
                5.968477276491886,
                4.957322059338086,
                3.842874054662734,
                2.5662893445595722,
                1.292439553712281,
                0.0
            ],
            "total_points": 14,
            "components": 1
        }
    }
}