{
    "a": {
        "01": {
            "distances": [
                0.0,
                2.287,
                4.536178567913746,
                5.854844148224614,
                7.6449937213839485,
                8.589772756016307,
                8.28,
                3.1435648553831363,
                4.514377033434403
            ],
            "total_points": 9,
            "components": 2
        }
    },
    "b": {
        "01": {
            "distances": [
                0.0,
                2.286,
                4.536178567913746,
                5.854844148224614,
                7.644153059692094,
                8.589772756016307,
                8.28
            ],
            "total_points": 7,
            "components": 1
        }
    }
}