{
    "outlets": {
        "01": {
            "distances": [
                0.0,
                2.287,
                4.536178567913746,
                5.854844148224614,
                7.6449937213839485,
                8.589772756016307,
                8.28,
                3.1435648553831363,
                4.514377033434403
            ],
            "total_points": 9,
            "components": 2
        },
        "02": {
            "distances": [
                0.0,
                2.798342545150611,
                0.0,
                1.3674212957241818,
                2.719838414318027,
                3.893440766211809,
                4.995109708504909,
                6.082453534553306,
                5.968477276491886,
                4.957322059338086,
                3.842874054662734,
                2.5662893445595722,
                1.292439553712281,
                0.0
            ],
            "total_points": 14,
            "components": 1
        },
        "03": {
            "distances": [
                0.0,
                2.6832815729997477,
                4.947726750741193,
                7.2557838997588675,
                9.164103884177656,
                10.717014509647731,
                11.94467245260413,
                12.75617497528158,
                12.96,
                4.659957081347423,
                6.48
            ],
            "total_points": 11,
            "components": 2
        },
        "04": {
            "distances": [
                0.0,
                1.45,
                3.0319920844223853,
                4.44433594589788,
                5.7612498643957455,
                6.948036413260944,
                7.896328260653808,
                8.742688430911855,
                9.33316757590905,
                9.70493178749856,
                9.84,
                6.948036413260944,
                9.111830825909797,
                9.84,
                0.0,
                4.235991737480139,
                6.241173046791765
            ],
            "total_points": 17,
            "components": 2
        },
        "05": {
            "distances": [
                0.0,
                2.419,
                4.7989499893205805,
                6.194255403194156,
                8.087694418065015,
                9.087857888413529,
                8.76,
                3.8404687213932625,
                7.165165734300917
            ],
            "total_points": 9,
            "components": 2
        },
        "06": {
            "distances": [
                0.0,
                5.7431002080757745,
                4.108576395784798,
                3.462369131100842,
                2.8460498941515415,
                2.558280672639341,
                2.7059933481071234,
                3.1435648553831363,
                3.8183766184073566,
                4.589117562233507,
                5.297018029042378,
                5.964494949281121,
                6.43232461867403
            ],
            "total_points": 13,
            "components": 2
        },
        "07": {
            "distances": [
                0.0,
                5.591600844123264,
                6.48999229583518,
                5.9834772498940785,
                5.269421220589601,
                4.514377033434403,
                3.6932912151629744,
                2.9795301643044327,
                2.526420392571276,
                2.421652328473268,
                2.794351445326804,
                3.494967811010568,
                4.198285364288616
            ],
            "total_points": 13,
            "components": 2
        },
        "09": {
            "distances": [
                0.0,
                5.8974231660955105,
                3.6810867960427123,
                8.247763333171,
                6.001199880023994,
                3.6810867960427123,
                3.3648179742743887,
                3.0997419247414775,
                2.978925980953538,
                3.0131710870775326,
                3.1153811965793206,
                3.3648179742743887,
                3.6810867960427123,
                4.02715780669196,
                4.415608678313784,
                4.815724244597068,
                5.142178526655798,
                5.456042521828436,
                5.762811813689564,
                6.001199880023994
            ],
            "total_points": 20,
            "components": 2
        },
        "10": {
            "distances": [
                0.0,
                5.301773288249885,
                8.850762679001171,
                6.876743415309313,
                4.781966122841106,
                2.4119701490690137,
                0.0,
                2.505673562138532,
                5.0457110499908735,
                7.2,
                9.18921106515679
            ],
            "total_points": 11,
            "components": 2
        }
    }
}